guid,occurrence_by_state,flower_color,flowering_season,plant_size
https://id.biodiversity.org.au/node/apni/2886064,"New South Wales, Queensland",Green,"Autumn, Summer",Tree
https://id.biodiversity.org.au/node/apni/2886197,"New South Wales, Queensland","Black, Green, Pink, Purple, Red, White, Yellow","Autumn, Spring, Summer, Winter",Medium
https://id.biodiversity.org.au/node/apni/2886206,Western Australia,"Orange, Red",,Small
https://id.biodiversity.org.au/node/apni/2886263,"New South Wales, Queensland","Purple, Red, White","Spring, Summer",Shrub
https://id.biodiversity.org.au/node/apni/2886495,"New South Wales, Northern Territory, South Australia, Western Australia",Yellow,,Small
https://id.biodiversity.org.au/node/apni/2886624,"New South Wales, Queensland","Pink, White","Spring, Summer",Small
https://id.biodiversity.org.au/node/apni/2886844,,"Mauve, Purple","Spring, Winter",Small
https://id.biodiversity.org.au/node/apni/2886972,"New South Wales, Queensland","Green, Orange, Red, White","Spring, Winter",Shrub
https://id.biodiversity.org.au/node/apni/2887061,New South Wales,"Brown, Green, Red",,Medium
https://id.biodiversity.org.au/node/apni/2887085,"New South Wales, Queensland","Pink, White",Summer,Shrub
https://id.biodiversity.org.au/node/apni/2887115,Western Australia,"Green, Red","Spring, Summer, Winter",Small
https://id.biodiversity.org.au/node/apni/2887218,Western Australia,Brown,"Autumn, Spring, Summer",Shrub
https://id.biodiversity.org.au/node/apni/2887380,New South Wales,"Pink, White","Autumn, Spring, Winter",Shrub
https://id.biodiversity.org.au/node/apni/2887385,"New South Wales, Queensland, South Australia, Victoria","Pink, Red","Autumn, Summer",Shrub
https://id.biodiversity.org.au/node/apni/2887480,"New South Wales, Queensland",Green,,Large
https://id.biodiversity.org.au/node/apni/2887517,"New South Wales, Queensland, South Australia, Victoria","Blue, Mauve","Spring, Summer",Small
https://id.biodiversity.org.au/node/apni/2887761,Queensland,"Green, Pink, Red, White","Spring, Summer",Large
https://id.biodiversity.org.au/node/apni/2887780,"New South Wales, Queensland",,,Large
https://id.biodiversity.org.au/node/apni/2887784,"New South Wales, South Australia, Victoria","Pink, White",,Small
https://id.biodiversity.org.au/node/apni/2887796,Western Australia,"Purple, Yellow","Spring, Summer",Large
https://id.biodiversity.org.au/node/apni/2887852,Queensland,"Green, Mauve, Orange, Pink, Purple, Red, White",Spring,Medium
https://id.biodiversity.org.au/node/apni/2887897,"New South Wales, Queensland","Red, White","Spring, Summer",Large
https://id.biodiversity.org.au/node/apni/2888137,"New South Wales, Queensland",Pink,Spring,Small
https://id.biodiversity.org.au/node/apni/2888235,"New South Wales, Queensland","Brown, Pink, Purple, Red",Spring,Small
https://id.biodiversity.org.au/node/apni/2888407,"Queensland, Western Australia, south Australia","Brown, Green, Yellow","Spring, Winter",Large
https://id.biodiversity.org.au/node/apni/2888469,"New South Wales, Queensland","Blue, Green, Mauve, Pink, White","Autumn, Summer",Large
https://id.biodiversity.org.au/node/apni/2888492,"New South Wales, Victoria",Yellow,"Spring, Summer",Small
https://id.biodiversity.org.au/node/apni/2888541,"South Australia, Victoria","Red, Yellow","Spring, Summer, Winter",Prostrate
https://id.biodiversity.org.au/node/apni/2888674,"New South Wales, Victoria","Mauve, Pink",Spring,Small
https://id.biodiversity.org.au/node/apni/2888754,Western Australia,Orange,"Spring, Summer, Winter",Prostrate
https://id.biodiversity.org.au/node/apni/2888796,"Northern Territory, South Australia, Western Australia","Cream, Green, Grey, Pink, Purple, Red","Spring, Summer",Small
https://id.biodiversity.org.au/node/apni/2888817,Western Australia,"Grey, Red","Spring, Summer",Small
https://id.biodiversity.org.au/node/apni/2888933,,Red,"Spring, Winter",Medium
https://id.biodiversity.org.au/node/apni/2889005,Queensland,"Green, Red","Spring, Summer",Tree
https://id.biodiversity.org.au/node/apni/2889030,New South Wales,"Green, Red","Spring, Summer",Prostrate
https://id.biodiversity.org.au/node/apni/2889041,"New South Wales, South Australia, Victoria","Red, White, Yellow",Spring,Small
https://id.biodiversity.org.au/node/apni/2889161,"New South Wales, Queensland",Yellow,"Spring, Summer",Small
https://id.biodiversity.org.au/node/apni/2889252,western Australia,Yellow,"Autumn, Spring, Summer",Small
https://id.biodiversity.org.au/node/apni/2889289,,"Cream, Green, Pink, Red, White","Spring, Summer",Small
https://id.biodiversity.org.au/node/apni/2889436,New South Wales,"Green, Red, White","Spring, Winter",
https://id.biodiversity.org.au/node/apni/2889516,Queensland,"Brown, Green",,Medium
https://id.biodiversity.org.au/node/apni/2889534,Western Australia,Cream,"Spring, Summer",Small
https://id.biodiversity.org.au/node/apni/2889584,,"Grey, Purple","Spring, Winter",Large
https://id.biodiversity.org.au/node/apni/2889602,New South Wales,"Purple, Red, White",Summer,Tree
https://id.biodiversity.org.au/node/apni/2889612,Western Australia,"Brown, Yellow","Spring, Winter",Small
https://id.biodiversity.org.au/node/apni/2889663,Western Australia,,Summer,Tree
https://id.biodiversity.org.au/node/apni/2889741,Western Australia,Orange,Summer,Shrub
https://id.biodiversity.org.au/node/apni/2889759,"New South Wales, Queensland","Pink, White","Autumn, Spring, Summer",Small
https://id.biodiversity.org.au/node/apni/2889833,Western Australia,"Grey, Pink, Red","Spring, Summer",Small
https://id.biodiversity.org.au/node/apni/2889893,Western Australia,"Cream, Orange","Spring, Summer, Winter",Shrub
https://id.biodiversity.org.au/node/apni/2889927,New South Wales,White,Summer,Tree
https://id.biodiversity.org.au/node/apni/2890111,"New South Wales, Queensland, South Australia, Tasmania, Victoria","Mauve, Purple, White",Spring,Small
https://id.biodiversity.org.au/node/apni/2890214,"New South Wales, Queensland","Blue, Brown, Green, Grey, Yellow","Autumn, Summer, Winter",Shrub
https://id.biodiversity.org.au/node/apni/2890272,"New South Wales, Queensland","Green, Pink, Red, Yellow",,Small
https://id.biodiversity.org.au/node/apni/2890419,Queensland,White,"Spring, Winter",Small
https://id.biodiversity.org.au/node/apni/2890445,"New South Wales, Queensland",Purple,,Tree
https://id.biodiversity.org.au/node/apni/2890460,"South Australia, Western Australia","Cream, Pink, Purple, Red","Spring, Summer, Winter",Large
https://id.biodiversity.org.au/node/apni/2890664,Western Australia,"Cream, White","Spring, Summer",Small
https://id.biodiversity.org.au/node/apni/2890671,Western Australia,White,"Spring, Summer, Winter",Small
https://id.biodiversity.org.au/node/apni/2890692,Western Australia,"Blue, Yellow","Spring, Winter",Perennial herb
https://id.biodiversity.org.au/node/apni/2890796,,"Pink, White",Spring,Small
https://id.biodiversity.org.au/node/apni/2890894,Western Australia,"Lilac, Mauve","Summer, Winter",Large
https://id.biodiversity.org.au/node/apni/2890980,"Queensland, Victoria","Green, White, Yellow","Autumn, Spring, Winter",Shrub
https://id.biodiversity.org.au/node/apni/2890993,,"Green, Red, White",,Large
https://id.biodiversity.org.au/node/apni/2891012,"New South Wales, Queensland",Yellow,"Spring, Summer",Small
https://id.biodiversity.org.au/node/apni/2891068,Western Australia,"Cream, Yellow","Spring, Summer",Shrub
https://id.biodiversity.org.au/node/apni/2891071,"Tasmania, Victoria","Cream, Pink, Purple, White","Autumn, Spring",Prostrate
https://id.biodiversity.org.au/node/apni/2891080,"New South Wales, Queensland","Green, Grey, Pink, Red, White","Spring, Summer",Medium
https://id.biodiversity.org.au/node/apni/2891108,New South Wales,"Blue, Green, Pink, Purple",,Small
https://id.biodiversity.org.au/node/apni/2891165,New South Wales,"Green, Yellow",,Small
https://id.biodiversity.org.au/node/apni/2891189,"New South Wales, Queensland","Crimson, Pink",,Large
https://id.biodiversity.org.au/node/apni/2891397,Queensland,Red,,Small
https://id.biodiversity.org.au/node/apni/2891411,New South Wales,"Blue, Green, Red",Summer,Shrub
https://id.biodiversity.org.au/node/apni/2891533,"New South Wales, Queensland",Cream,Spring,Small
https://id.biodiversity.org.au/node/apni/2891609,New South Wales,"Green, Pink, White","Spring, Winter",Small
https://id.biodiversity.org.au/node/apni/2891749,Queensland,"Orange, Red, Yellow",,Small
https://id.biodiversity.org.au/node/apni/2891871,,"Green, Grey, Orange, White",Summer,Large
https://id.biodiversity.org.au/node/apni/2892070,Western Australia,"Mauve, Purple","Spring, Winter",Small
https://id.biodiversity.org.au/node/apni/2892148,"Australian Capital Territory, New South Wales, Victoria","Blue, Green","Spring, Summer",Perennial herb
https://id.biodiversity.org.au/node/apni/2892172,"New South Wales, Victoria","Pink, White","Summer, Winter",Small
https://id.biodiversity.org.au/node/apni/2892226,Western Australia,"Mauve, Orange, Red",Summer,Small
https://id.biodiversity.org.au/node/apni/2892280,"New South Wales, Victoria",White,Spring,Shrub
https://id.biodiversity.org.au/node/apni/2892341,Western Australia,"Cream, Pink, White","Spring, Summer, Winter",Shrub
https://id.biodiversity.org.au/node/apni/2892343,"Northern Territory, Queensland","Black, Green, Grey, Red, Yellow",,Small
https://id.biodiversity.org.au/node/apni/2892415,,"Cream, Green, Grey, Pink, Red",,Small
https://id.biodiversity.org.au/node/apni/2892573,New South Wales,"Cream, Green, Red",,Small
https://id.biodiversity.org.au/node/apni/2892673,Western Australia,"Brown, Cream, Grey, Pink",Summer,Large
https://id.biodiversity.org.au/node/apni/2892850,Western Australia,"Green, White","Spring, Summer",Large
https://id.biodiversity.org.au/node/apni/2892924,"New South Wales, Queensland, Victoria","Green, White","Spring, Winter",Small
https://id.biodiversity.org.au/node/apni/2892956,"New South Wales, Queensland","Green, Purple",,Medium
https://id.biodiversity.org.au/node/apni/2893031,Western Australia,"Pink, Purple","Spring, Summer, Winter",Small
https://id.biodiversity.org.au/node/apni/2893113,New South Wales,"Green, Yellow",Summer,Large
https://id.biodiversity.org.au/node/apni/2893435,Western Australia,"Pink, White, Yellow","Spring, Summer",Small
https://id.biodiversity.org.au/node/apni/2893565,Western Australia,"Mauve, Purple, Violet","Spring, Summer",Large
https://id.biodiversity.org.au/node/apni/2893676,Western Australia,"Green, Purple, Red, Yellow","Spring, Summer, Winter",Large
https://id.biodiversity.org.au/node/apni/2893745,Northern Territory,"Green, Mauve, Pink, Red",Winter,Shrub
https://id.biodiversity.org.au/node/apni/2893815,Western Australia,Green,,
https://id.biodiversity.org.au/node/apni/2893885,Western Australia,"Black, Green, Pink, Purple","Spring, Summer, Winter",Small
https://id.biodiversity.org.au/node/apni/2894017,Western Australia,"Cream, Orange, Pink",Summer,Prostrate
https://id.biodiversity.org.au/node/apni/2894242,"New South Wales, Tasmania, Victoria","Pink, White",Spring,Small
https://id.biodiversity.org.au/node/apni/2894257,"New South Wales, Queensland","Green, Pink","Spring, Winter",Small
https://id.biodiversity.org.au/node/apni/2894326,"New South Wales, Northern Territory, Queensland, Western Australia","Brown, Green, Lilac, Pink, White, Yellow","Spring, Summer, Winter",Small
https://id.biodiversity.org.au/node/apni/2894413,"New South Wales, South Australia, Victoria","Green, Pink","Autumn, Summer",Small
https://id.biodiversity.org.au/node/apni/2894524,"New South Wales, Victoria","Cream, Yellow","Autumn, Summer, Winter",Shrub
https://id.biodiversity.org.au/node/apni/2894533,New South Wales,"Brown, Green, Red",,Small
https://id.biodiversity.org.au/node/apni/2894561,,Cream,"Spring, Summer",Small
https://id.biodiversity.org.au/node/apni/2894608,Western Australia,"Pink, White","Spring, Summer",Small
https://id.biodiversity.org.au/node/apni/2894726,Queensland,"Green, Red, Scarlet","Spring, Summer",Shrub
https://id.biodiversity.org.au/node/apni/2894741,"Northern Territory, Queensland, Western Australia","Brown, Red","Spring, Summer, Winter",Tree
https://id.biodiversity.org.au/node/apni/2894847,"New South Wales, Queensland, Victoria","Cream, White, Yellow",Spring,Small
https://id.biodiversity.org.au/node/apni/2894915,"New South Wales, Queensland, South Australia, Victoria","Cream, Yellow",Spring,Small
https://id.biodiversity.org.au/node/apni/2894924,"New South Wales, Queensland","Red, Yellow",,Small
https://id.biodiversity.org.au/node/apni/2895137,"New South Wales, Queensland","Cream, Pink, Yellow","Spring, Winter",Small
https://id.biodiversity.org.au/node/apni/2895225,Western Australia,"Cream, Gold, Green, Grey, Red, White","Spring, Summer, Winter",Small
https://id.biodiversity.org.au/node/apni/2895240,Western Australia,"Pink, Purple, Red, Violet, White, Yellow","Spring, Summer, Winter",Small
https://id.biodiversity.org.au/node/apni/2895245,Western Australia,"Purple, Yellow",Spring,Large
https://id.biodiversity.org.au/node/apni/2895255,New South Wales,"Green, Pink, Purple, Yellow","Spring, Summer",Small
https://id.biodiversity.org.au/node/apni/2895451,"New South Wales, Queensland","Mauve, Pink, Purple, White",Summer,Medium
https://id.biodiversity.org.au/node/apni/2895496,New South Wales,"Green, Grey, White, Yellow",Spring,Small
https://id.biodiversity.org.au/node/apni/2895572,"New South Wales, South Australia, Victoria","Pink, Purple, White","Autumn, Spring",Prostrate
https://id.biodiversity.org.au/node/apni/2895645,"New South Wales, Queensland",Grey,"Spring, Summer",Small
https://id.biodiversity.org.au/node/apni/2895692,Western Australia,"Pink, White","Spring, Winter",Small
https://id.biodiversity.org.au/node/apni/2895920,Tasmania,"Green, Red, White, Yellow",Summer,Shrub
https://id.biodiversity.org.au/node/apni/2896043,Western Australia,Yellow,"Spring, Summer",Medium
https://id.biodiversity.org.au/node/apni/2896054,"New South Wales, Queensland",Brown,"Autumn, Summer",Small
https://id.biodiversity.org.au/node/apni/2896172,New South Wales,"Green, Red",Spring,Shrub
https://id.biodiversity.org.au/node/apni/2896198,Queensland,"Cream, White",Summer,Tree
https://id.biodiversity.org.au/node/apni/2896217,"New South Wales, Tasmania, Victoria","Blue, Pink, Purple, White","Spring, Summer",Small
https://id.biodiversity.org.au/node/apni/2896277,Queensland,"Green, Pink, Purple, Red, White",Summer,Small
https://id.biodiversity.org.au/node/apni/2896289,"New South Wales, Northern Territory, South Australia, Western Australia","Pink, Red, White, Yellow",Spring,Large
https://id.biodiversity.org.au/node/apni/2896294,,"Blue, White","Spring, Summer",Perennial herb
https://id.biodiversity.org.au/node/apni/2896366,New South Wales,Yellow,"Spring, Summer",Small
https://id.biodiversity.org.au/node/apni/2896550,Western Australia,Pink,"Spring, Summer, Winter",Large
https://id.biodiversity.org.au/node/apni/2896620,"Queensland, Victoria","Blue, Yellow","Spring, Summer",Small
https://id.biodiversity.org.au/node/apni/2896748,New South Wales,"Green, Pink, Red","Summer, Winter",Small
https://id.biodiversity.org.au/node/apni/2896767,Western Australia,"Pink, Purple, Red, White, Yellow","Spring, Summer, Winter",Small
https://id.biodiversity.org.au/node/apni/2896858,"New South Wales, Queensland","Pink, White",Spring,Small
https://id.biodiversity.org.au/node/apni/2896938,"New South Wales, Queensland","Cream, Gold, Pink, White","Spring, Winter",Large
https://id.biodiversity.org.au/node/apni/2896999,"New South Wales, Queensland",Purple,"Spring, Winter",Shrub
https://id.biodiversity.org.au/node/apni/2897085,"Queensland, Victoria",Yellow,"Spring, Summer",Small
https://id.biodiversity.org.au/node/apni/2897086,"New South Wales, Queensland, Tasmania, Victoria","Green, Red, White, Yellow","Autumn, Winter",Small
https://id.biodiversity.org.au/node/apni/2897108,Queensland,"Green, Grey","Spring, Summer",Medium
https://id.biodiversity.org.au/node/apni/2897142,"Queensland, Victoria","Pink, Red",,Small
https://id.biodiversity.org.au/node/apni/2897335,South Australia,"Orange, Red","Spring, Summer, Winter",Small
https://id.biodiversity.org.au/node/apni/2897492,Western Australia,"Green, Red","Summer, Winter",Shrub
https://id.biodiversity.org.au/node/apni/2897511,,"Green, Grey, Pink",Summer,Large
https://id.biodiversity.org.au/node/apni/2897516,Western Australia,"Brown, Cream, Yellow","Autumn, Winter",Small
https://id.biodiversity.org.au/node/apni/2897523,New South Wales,"Brown, Green, White","Spring, Summer",Small
https://id.biodiversity.org.au/node/apni/2897542,"New South Wales, Queensland","Green, Red",,Large
https://id.biodiversity.org.au/node/apni/2897646,New South Wales,"Green, Red, Yellow","Autumn, Winter",Small
https://id.biodiversity.org.au/node/apni/2897664,Western Australia,"Black, Red","Spring, Summer, Winter",Medium
https://id.biodiversity.org.au/node/apni/2897888,Western Australia,"Pink, Purple, Red, White, Yellow","Spring, Winter",Small
https://id.biodiversity.org.au/node/apni/2897908,,"Red, White, Yellow","Autumn, Spring",Small
https://id.biodiversity.org.au/node/apni/2897914,"New South Wales, Queensland","Cream, Pink, White",Spring,Large
https://id.biodiversity.org.au/node/apni/2897960,Western Australia,"Orange, Red, Yellow","Autumn, Summer, Winter",Tree
https://id.biodiversity.org.au/node/apni/2897961,"Queensland, Victoria",White,"Spring, Summer",
https://id.biodiversity.org.au/node/apni/2898018,Western Australia,Yellow,"Spring, Summer, Winter",Prostrate
https://id.biodiversity.org.au/node/apni/2898065,"New South Wales, Queensland",Yellow,"Spring, Winter",Small
https://id.biodiversity.org.au/node/apni/2898175,"New South Wales, Queensland",White,"Autumn, Winter",Small
https://id.biodiversity.org.au/node/apni/2898281,Western Australia,"Green, Yellow",Spring,Small
https://id.biodiversity.org.au/node/apni/2898371,Western Australia,"Pink, Purple, Red, White, Yellow","Summer, Winter",Small
https://id.biodiversity.org.au/node/apni/2898405,Western Australia,"Mauve, Pink, Purple, White",,Small
https://id.biodiversity.org.au/node/apni/2898607,"Queensland, Victoria",White,Summer,Shrub
https://id.biodiversity.org.au/node/apni/2898738,"New South Wales, Queensland, Tasmania, Victoria","Cream, White",,Small
https://id.biodiversity.org.au/node/apni/2898812,"New South Wales, Queensland, Victoria",Pink,Spring,Large
https://id.biodiversity.org.au/node/apni/2899057,"New South Wales, South Australia, Tasmania, Victoria, Western Australia","Blue, Green, Pink, White",Summer,Small
https://id.biodiversity.org.au/node/apni/2899134,Western Australia,Pink,"Spring, Winter",Small
https://id.biodiversity.org.au/node/apni/2899172,,"Red, Yellow","Autumn, Summer",
https://id.biodiversity.org.au/node/apni/2899238,New South Wales,Brown,"Spring, Summer",Tree
https://id.biodiversity.org.au/node/apni/2899285,"New South Wales, Queensland",White,"Spring, Summer",Shrub
https://id.biodiversity.org.au/node/apni/2899330,"New South Wales, Northern Territory, Queensland, South Australia","Brown, Cream, Purple","Summer, Winter",Small
https://id.biodiversity.org.au/node/apni/2899338,Western Australia,"Blue, Pink, Red, White, Yellow","Summer, Winter",Small
https://id.biodiversity.org.au/node/apni/2899376,"New South Wales, Victoria","Cream, Pink, White",,Medium
https://id.biodiversity.org.au/node/apni/2899469,Western Australia,"Mauve, Pink, Purple, Scarlet",,Shrub
https://id.biodiversity.org.au/node/apni/2899492,"New South Wales, Queensland, South Australia, Victoria","Mauve, Purple","Spring, Summer",
https://id.biodiversity.org.au/node/apni/2899607,New South Wales,"Green, Grey, Red, White",,Small
https://id.biodiversity.org.au/node/apni/2900010,"Queensland, Victoria",Pink,"Spring, Winter",Small
https://id.biodiversity.org.au/node/apni/2900020,"New South Wales, Victoria","Orange, Red, Yellow","Spring, Winter",Small
https://id.biodiversity.org.au/node/apni/2900042,Queensland,"Green, Pink, White","Spring, Summer",Small
https://id.biodiversity.org.au/node/apni/2900147,Western Australia,"Pink, White",Spring,Small
https://id.biodiversity.org.au/node/apni/2900204,western Australia,"Orange, Red, Yellow","Autumn, Spring, Summer",Small
https://id.biodiversity.org.au/node/apni/2900302,Queensland,"Grey, Yellow",,Medium
https://id.biodiversity.org.au/node/apni/2900306,Tasmania,"Green, Pink, White",,Tree
https://id.biodiversity.org.au/node/apni/2900364,"New South Wales, Queensland","Cream, White",,Large
https://id.biodiversity.org.au/node/apni/2900369,"New South Wales, Queensland, South Australia, Tasmania, Victoria, Western Australia","Mauve, Pink, White","Spring, Summer",Small
https://id.biodiversity.org.au/node/apni/2900393,Queensland,"Black, Mauve, Pink, White","Spring, Summer, Winter",Small
https://id.biodiversity.org.au/node/apni/2900394,Western Australia,"Cream, Pink, Purple, Red, White, Yellow","Spring, Summer",Small
https://id.biodiversity.org.au/node/apni/2900399,New South Wales,Pink,"Spring, Winter",Small
https://id.biodiversity.org.au/node/apni/2900555,New South Wales,"Green, Mauve, Purple","Spring, Winter",Medium
https://id.biodiversity.org.au/node/apni/2900578,Queensland,"Green, Orange, Red, White",,Large
https://id.biodiversity.org.au/node/apni/2900668,Western Australia,"Mauve, Pink","Spring, Winter",Small
https://id.biodiversity.org.au/node/apni/2900847,"South Australia, Western Australia","Cream, Red, Yellow","Summer, Winter",Small
https://id.biodiversity.org.au/node/apni/2900893,New South Wales,"Pink, White",Spring,Small
https://id.biodiversity.org.au/node/apni/2900921,western Australia,"Black, Green, Grey, Red","Autumn, Spring, Summer",Small
https://id.biodiversity.org.au/node/apni/2900996,Western Australia,Pink,"Summer, Winter",Small
https://id.biodiversity.org.au/node/apni/2901084,"New South Wales, Queensland",Brown,,Small
https://id.biodiversity.org.au/node/apni/2901102,"New South Wales, Queensland","Cream, Yellow",,Shrub
https://id.biodiversity.org.au/node/apni/2901123,Western Australia,Pink,"Spring, Winter",Small
https://id.biodiversity.org.au/node/apni/2901215,"New South Wales, Queensland, Tasmania, Victoria","Cream, Green, Red","Autumn, Spring",Small
https://id.biodiversity.org.au/node/apni/2901335,Queensland,"Cream, Pink, Purple, White","Spring, Summer",Tree
https://id.biodiversity.org.au/node/apni/2901403,"New South Wales, Queensland","Green, Red, White",,Large
https://id.biodiversity.org.au/node/apni/2901433,"Northern Territory, Queensland","Black, Brown, Green, Pink, Red, Yellow","Spring, Summer",Small
https://id.biodiversity.org.au/node/apni/2901457,Western Australia,"Pink, Yellow","Spring, Summer",Small
https://id.biodiversity.org.au/node/apni/2901534,"New South Wales, Queensland","Pink, Purple, White",Spring,Small
https://id.biodiversity.org.au/node/apni/2901546,Western Australia,"Orange, Yellow","Spring, Summer, Winter",Small
https://id.biodiversity.org.au/node/apni/2901671,Western Australia,"Green, Red, Yellow","Spring, Winter",Shrub
https://id.biodiversity.org.au/node/apni/2901892,"New South Wales, Victoria","Green, White","Spring, Summer",Small
https://id.biodiversity.org.au/node/apni/2901986,"Queensland, South Australia, Tasmania, Western Australia",White,"Spring, Summer",
https://id.biodiversity.org.au/node/apni/2902046,,"Green, Pink, Red","Summer, Winter",Large
https://id.biodiversity.org.au/node/apni/2902065,Western Australia,"Orange, Red","Spring, Summer",Small
https://id.biodiversity.org.au/node/apni/2902202,Western Australia,"Green, Grey, Mauve, Pink","Spring, Summer",Small
https://id.biodiversity.org.au/node/apni/2902214,,,,Tree
https://id.biodiversity.org.au/node/apni/2902224,Western Australia,Red,"Spring, Summer, Winter",Small
https://id.biodiversity.org.au/node/apni/2902337,"Queensland, Western Australia","Green, White",,Large
https://id.biodiversity.org.au/node/apni/2902380,"Queensland, Victoria","Green, Yellow","Summer, Winter",Tree
https://id.biodiversity.org.au/node/apni/2902463,Western Australia,"Cream, Orange, Red, White, Yellow",Summer,Medium
https://id.biodiversity.org.au/node/apni/2902723,Western Australia,"Green, Grey, Scarlet","Spring, Summer",Small
https://id.biodiversity.org.au/node/apni/2902748,"New South Wales, Queensland","Cream, Yellow",,Large
https://id.biodiversity.org.au/node/apni/2902840,"New South Wales, Victoria","Cream, Green, Pink, Red, Yellow","Spring, Winter",Small
https://id.biodiversity.org.au/node/apni/2902862,"Northern Territory, Western Australia","Green, Grey, White",Summer,Small
https://id.biodiversity.org.au/node/apni/2902870,"New South Wales, Queensland",Pink,Spring,Small
https://id.biodiversity.org.au/node/apni/2902891,Western Australia,Green,"Spring, Summer",Small
https://id.biodiversity.org.au/node/apni/2903133,New South Wales,"Green, Yellow","Spring, Summer",Shrub
https://id.biodiversity.org.au/node/apni/2903285,Western Australia,"Orange, Red","Spring, Summer",Small
https://id.biodiversity.org.au/node/apni/2903348,Western Australia,"Mauve, Pink, Purple, Red, White, Yellow","Spring, Summer",Small
https://id.biodiversity.org.au/node/apni/2903360,Western Australia,"Brown, Orange, Yellow","Autumn, Summer",Shrub
https://id.biodiversity.org.au/node/apni/2903390,Western Australia,"Green, Pink, Red, Yellow","Autumn, Summer, Winter",Shrub
https://id.biodiversity.org.au/node/apni/2903581,"South Australia, Victoria","Mauve, Purple",Spring,Shrub
https://id.biodiversity.org.au/node/apni/2903585,"New South Wales, South Australia, Tasmania, Victoria","Pink, Purple","Spring, Summer",
https://id.biodiversity.org.au/node/apni/2903604,,"Cream, Red, Yellow","Spring, Summer, Winter",Small
https://id.biodiversity.org.au/node/apni/2903657,Queensland,"Pink, Red, White","Spring, Summer",Shrub
https://id.biodiversity.org.au/node/apni/2903690,,"Green, White",Spring,Shrub
https://id.biodiversity.org.au/node/apni/2903799,,"Lilac, White","Autumn, Summer",Perennial herb
https://id.biodiversity.org.au/node/apni/2903818,"New South Wales, Northern Territory, Queensland, South Australia, Western Australia","Brown, Green, Grey, Purple, Yellow","Spring, Winter",Large
https://id.biodiversity.org.au/node/apni/2904045,"Queensland, Tasmania",White,Spring,Small
https://id.biodiversity.org.au/node/apni/2904108,,"Green, Grey, Orange, Pink, White",,Small
https://id.biodiversity.org.au/node/apni/2904115,"New South Wales, Queensland, Victoria",Yellow,"Spring, Summer",Small
https://id.biodiversity.org.au/node/apni/2904279,Western Australia,Yellow,"Summer, Winter",Small
https://id.biodiversity.org.au/node/apni/2904317,Western Australia,"Crimson, Green, Orange, Pink, Red, White",Summer,Tree
https://id.biodiversity.org.au/node/apni/2904334,"New South Wales, Northern Territory, Queensland, Western Australia","Green, Orange, White","Autumn, Summer",Small
https://id.biodiversity.org.au/node/apni/2904345,,"Mauve, Pink, Purple, Red, White, Yellow","Autumn, Spring",Small
https://id.biodiversity.org.au/node/apni/2904534,,"Pink, Purple, Red, White, Yellow",Spring,Small
https://id.biodiversity.org.au/node/apni/2904581,Victoria,"Mauve, Pink","Spring, Summer",Prostrate
https://id.biodiversity.org.au/node/apni/2904619,New South Wales,Green,,Small
https://id.biodiversity.org.au/node/apni/2904695,"New South Wales, Queensland","Blue, Grey, Purple, White, Yellow",Spring,Small
https://id.biodiversity.org.au/node/apni/2904737,Western Australia,"Blue, Orange, Pink, Red, Yellow",,Small
https://id.biodiversity.org.au/node/apni/2904766,Western Australia,"Lilac, Mauve, Pink, Red, White","Spring, Summer",Small
https://id.biodiversity.org.au/node/apni/2904789,"New South Wales, Queensland","Black, Green, Red","Spring, Winter",
https://id.biodiversity.org.au/node/apni/2904829,Western Australia,"Pink, White","Summer, Winter",Small
https://id.biodiversity.org.au/node/apni/2904886,Western Australia,"Green, Red",Spring,Large
https://id.biodiversity.org.au/node/apni/2904981,"New South Wales, Western Australia","Black, Green, Pink, Purple, White","Spring, Summer",Shrub
https://id.biodiversity.org.au/node/apni/2905099,South Australia,"Green, Red","Spring, Summer",Shrub
https://id.biodiversity.org.au/node/apni/2905150,New South Wales,"Pink, White, Yellow",Summer,Small
https://id.biodiversity.org.au/node/apni/2905310,"New South Wales, Queensland","Brown, Pink, Purple, Red",Spring,Large
https://id.biodiversity.org.au/node/apni/2905345,Western Australia,Orange,"Autumn, Summer, Winter",Shrub
https://id.biodiversity.org.au/node/apni/2905370,"New South Wales, Queensland, Tasmania, Victoria","Blue, Mauve, Purple, Yellow","Autumn, Spring, Summer",Small
https://id.biodiversity.org.au/node/apni/2905566,Western Australia,Green,"Autumn, Spring",Small
https://id.biodiversity.org.au/node/apni/2905591,Western Australia,"Green, Mauve, Pink, Purple",Summer,Shrub
https://id.biodiversity.org.au/node/apni/2905624,New South Wales,"Mauve, Purple","Spring, Winter",Shrub
https://id.biodiversity.org.au/node/apni/2905648,Western Australia,Pink,"Spring, Summer",Small
https://id.biodiversity.org.au/node/apni/2905662,"New South Wales, Queensland","Cream, Crimson",Spring,Large
https://id.biodiversity.org.au/node/apni/2905696,Western Australia,"Brown, Green, White, Yellow","Summer, Winter",Shrub
https://id.biodiversity.org.au/node/apni/2905735,Western Australia,"Cream, Pink, Red","Summer, Winter",Large
https://id.biodiversity.org.au/node/apni/2905762,New South Wales,Cream,Spring,Small
https://id.biodiversity.org.au/node/apni/2905810,"New South Wales, Victoria","Pink, Red, White, Yellow","Spring, Winter",Prostrate
https://id.biodiversity.org.au/node/apni/2905813,"Queensland, Victoria","Green, Purple, Yellow","Spring, Winter",Small
https://id.biodiversity.org.au/node/apni/2905852,Queensland,Green,"Autumn, Summer",Tree
https://id.biodiversity.org.au/node/apni/2905999,New South Wales,"Green, Pink, Red, White","Spring, Summer",Medium
https://id.biodiversity.org.au/node/apni/2906043,Western Australia,"Cream, Mauve","Summer, Winter",Large
https://id.biodiversity.org.au/node/apni/2906071,"New South Wales, Victoria","Green, Red, White",Summer,Shrub
https://id.biodiversity.org.au/node/apni/2906135,New South Wales,"Blue, Pink, Purple, White","Autumn, Spring",Small
https://id.biodiversity.org.au/node/apni/2906147,New South Wales,"Pink, Red, White","Spring, Summer",Small
https://id.biodiversity.org.au/node/apni/2906270,Western Australia,"Green, Pink, White","Spring, Summer",Shrub
https://id.biodiversity.org.au/node/apni/2906309,Tasmania,White,Spring,Shrub
https://id.biodiversity.org.au/node/apni/2906329,Queensland,"Green, Red, White, Yellow",,Large
https://id.biodiversity.org.au/node/apni/2906427,Queensland,"Green, Red",,Medium
https://id.biodiversity.org.au/node/apni/2906453,Western Australia,"Green, Yellow","Spring, Winter",Small
https://id.biodiversity.org.au/node/apni/2906497,"New South Wales, Queensland, Victoria","Mauve, Purple",Summer,Small
https://id.biodiversity.org.au/node/apni/2906643,Northern Territory,"Black, Brown, Red","Spring, Summer",Large
https://id.biodiversity.org.au/node/apni/2906721,"New South Wales, South Australia, Tasmania","Pink, White","Autumn, Winter",Small
https://id.biodiversity.org.au/node/apni/2906780,"Queensland, Victoria","Pink, Red, White","Spring, Summer",Large
https://id.biodiversity.org.au/node/apni/2906877,"Northern Territory, Western Australia","Green, Grey, White","Spring, Summer, Winter",Small
https://id.biodiversity.org.au/node/apni/2907141,Western Australia,"Green, Pink, White","Spring, Summer, Winter",Shrub
https://id.biodiversity.org.au/node/apni/2907279,"Northern Territory, South Australia, Western Australia","Cream, Green, Grey, Pink, Purple, Red","Spring, Summer",Small
https://id.biodiversity.org.au/node/apni/2907298,New South Wales,"Cream, Green, Yellow","Spring, Winter",Small
https://id.biodiversity.org.au/node/apni/2907316,"New South Wales, Queensland","Blue, Brown, Red, White","Spring, Winter",Large
https://id.biodiversity.org.au/node/apni/2907332,"Northern Territory, Queensland, Western Australia","Brown, Cream, Green, Grey, Orange, White, Yellow",,Small
https://id.biodiversity.org.au/node/apni/2907714,,"Black, Brown, Green, Mauve, Pink, White","Spring, Summer",Small
https://id.biodiversity.org.au/node/apni/2907916,"New South Wales, Northern Territory, Queensland","Blue, White","Autumn, Summer",Perennial herb
https://id.biodiversity.org.au/node/apni/2908199,"South Australia, western Australia","Green, Mauve, Purple, White, Yellow","Autumn, Summer",Medium
https://id.biodiversity.org.au/node/apni/2908248,"Northern Territory, South Australia, Western Australia","Green, Grey, Yellow","Spring, Winter",Shrub
https://id.biodiversity.org.au/node/apni/2908255,Western Australia,"Orange, Yellow","Spring, Winter",Small
https://id.biodiversity.org.au/node/apni/2908272,Western Australia,"Cream, Green, Grey, Mauve, Red","Autumn, Winter",Shrub
https://id.biodiversity.org.au/node/apni/2908274,Northern Territory,"Blue, Green, Lilac","Spring, Winter",Large
https://id.biodiversity.org.au/node/apni/2908420,"Northern Territory, Queensland",White,"Autumn, Summer",Large
https://id.biodiversity.org.au/node/apni/2908445,Western Australia,"Blue, Pink, Red, White, Yellow","Spring, Winter",Small
https://id.biodiversity.org.au/node/apni/2908449,"New South Wales, Victoria",Yellow,"Spring, Summer",Small
https://id.biodiversity.org.au/node/apni/2908483,Western Australia,Pink,Spring,Small
https://id.biodiversity.org.au/node/apni/2908678,New South Wales,Pink,Spring,Small
https://id.biodiversity.org.au/node/apni/2908720,Western Australia,"Green, Red",Spring,Small
https://id.biodiversity.org.au/node/apni/2908770,"New South Wales, Queensland, Victoria","Black, Orange, Pink, White",Spring,
https://id.biodiversity.org.au/node/apni/2908797,Queensland,White,"Autumn, Summer",Small
https://id.biodiversity.org.au/node/apni/2908978,Western Australia,"Grey, Orange, Yellow","Summer, Winter",Shrub
https://id.biodiversity.org.au/node/apni/2908984,Victoria,"Green, Pink, Yellow",Spring,Small
https://id.biodiversity.org.au/node/apni/2909040,"New South Wales, Queensland","Black, White","Spring, Summer",Shrub
https://id.biodiversity.org.au/node/apni/2909048,"New South Wales, Queensland","Green, Grey, Pink, Red, White","Spring, Summer",Shrub
https://id.biodiversity.org.au/node/apni/2909098,"New South Wales, Queensland, Victoria","Green, Red, Yellow","Autumn, Spring",
https://id.biodiversity.org.au/node/apni/2909137,Western Australia,"Green, Yellow","Spring, Winter",Medium
https://id.biodiversity.org.au/node/apni/2909179,,"Blue, White","Spring, Summer",Small
https://id.biodiversity.org.au/node/apni/2909260,,"Blue, Mauve","Autumn, Summer",Small
https://id.biodiversity.org.au/node/apni/2909387,Western Australia,"Pink, White","Spring, Winter",Small
https://id.biodiversity.org.au/node/apni/2909391,Tasmania,"Red, White","Spring, Summer",Small
https://id.biodiversity.org.au/node/apni/2909452,New South Wales,Yellow,,Medium
https://id.biodiversity.org.au/node/apni/2909548,New South Wales,Cream,"Spring, Summer",Small
https://id.biodiversity.org.au/node/apni/2909608,Tasmania,"Cream, Green, White",Summer,Small
https://id.biodiversity.org.au/node/apni/2909617,Queensland,"Cream, Green, White",,Shrub
https://id.biodiversity.org.au/node/apni/2909660,,"Green, Yellow",Summer,Small
https://id.biodiversity.org.au/node/apni/2909698,"New South Wales, South Australia, Victoria","Cream, Grey, Pink, Red, White","Autumn, Summer, Winter",Medium
https://id.biodiversity.org.au/node/apni/2909734,Western Australia,"Green, Pink, Red, White","Spring, Summer",Shrub
https://id.biodiversity.org.au/node/apni/2909749,"New South Wales, Queensland","Cream, Mauve, Pink","Spring, Summer",Small
https://id.biodiversity.org.au/node/apni/2909893,Western Australia,Yellow,"Spring, Winter",Small
https://id.biodiversity.org.au/node/apni/2909951,,"Brown, Green, Scarlet","Autumn, Summer",Large
https://id.biodiversity.org.au/node/apni/2909970,,"Black, Brown, Grey, Pink, Red, Yellow","Autumn, Summer",Small
https://id.biodiversity.org.au/node/apni/2909993,"New South Wales, Tasmania, Victoria","Brown, White","Spring, Winter",Medium
https://id.biodiversity.org.au/node/apni/2910157,Western Australia,Pink,"Spring, Summer",Shrub
https://id.biodiversity.org.au/node/apni/2910169,Western Australia,"Mauve, Pink","Spring, Summer, Winter",Small
https://id.biodiversity.org.au/node/apni/2910179,Western Australia,"Crimson, Green, Grey","Autumn, Spring, Summer, Winter",Small
https://id.biodiversity.org.au/node/apni/2910197,Western Australia,"Green, Pink","Spring, Summer, Winter",Prostrate
https://id.biodiversity.org.au/node/apni/2910239,,"Cream, Yellow","Autumn, Spring",Medium
https://id.biodiversity.org.au/node/apni/2910277,"Northern Territory, Queensland, Western Australia","Brown, Cream, White, Yellow","Autumn, Summer",Small
https://id.biodiversity.org.au/node/apni/2910458,"New South Wales, Tasmania, Victoria","Red, White",Summer,Small
https://id.biodiversity.org.au/node/apni/2910654,"New South Wales, South Australia, Tasmania, Victoria","Green, Grey, White",Spring,Medium
https://id.biodiversity.org.au/node/apni/2910744,,"Green, Orange","Spring, Winter",Large
https://id.biodiversity.org.au/node/apni/2910974,,"Pink, White",,Small
https://id.biodiversity.org.au/node/apni/2911110,,"Pink, Red, White",,Small
https://id.biodiversity.org.au/node/apni/2911121,New South Wales,"Green, Red",Spring,Medium
https://id.biodiversity.org.au/node/apni/2911249,"South Australia, Western Australia","Green, Mauve, Pink, Red, Yellow",,Medium
https://id.biodiversity.org.au/node/apni/2911319,"Northern Territory, Queensland, Western Australia","Cream, Yellow",Winter,Large
https://id.biodiversity.org.au/node/apni/2911498,"New South Wales, Queensland, Victoria","Blue, Green, Grey, Purple, Yellow",Spring,Small
https://id.biodiversity.org.au/node/apni/2911503,"Northern Territory, Queensland, Western Australia","Blue, Green, Violet, White",,Perennial herb
https://id.biodiversity.org.au/node/apni/2911677,Western Australia,"Purple, Yellow",Spring,Large
https://id.biodiversity.org.au/node/apni/2911686,Western Australia,"Black, Green, Grey, Pink, Purple, White","Spring, Summer, Winter",Small
https://id.biodiversity.org.au/node/apni/2911816,Western Australia,"Orange, Red","Summer, Winter",Prostrate
https://id.biodiversity.org.au/node/apni/2911863,Western Australia,Yellow,"Autumn, Spring, Summer, Winter",Small
https://id.biodiversity.org.au/node/apni/2911906,"Northern Territory, Queensland, Western Australia","Brown, Green, Grey, White",,Shrub
https://id.biodiversity.org.au/node/apni/2911921,Victoria,"Green, Grey, White, Yellow","Autumn, Summer",Shrub
https://id.biodiversity.org.au/node/apni/2911929,,"Mauve, Purple, Red, White",,Prostrate
https://id.biodiversity.org.au/node/apni/2911974,"New South Wales, Queensland","Mauve, Pink, Purple","Spring, Summer",Small
https://id.biodiversity.org.au/node/apni/2912060,Northern Territory,Cream,"Spring, Summer",Small
https://id.biodiversity.org.au/node/apni/2912132,Western Australia,"Green, White","Spring, Summer",Small
https://id.biodiversity.org.au/node/apni/2912135,Western Australia,"Pink, Purple",Winter,Large
https://id.biodiversity.org.au/node/apni/2912289,"New South Wales, Queensland","Brown, Cream, Gold, Green, Grey, Yellow","Spring, Summer",Small
https://id.biodiversity.org.au/node/apni/2912310,"South Australia, Tasmania, Victoria","Pink, White","Spring, Summer, Winter",Shrub
https://id.biodiversity.org.au/node/apni/2912311,New South Wales,"Green, Yellow",Summer,Large
https://id.biodiversity.org.au/node/apni/2912326,"New South Wales, Tasmania, Victoria","Black, Green, Red","Spring, Summer",
https://id.biodiversity.org.au/node/apni/2912609,,"Pink, White","Spring, Summer",Perennial herb
https://id.biodiversity.org.au/node/apni/2912658,"New South Wales, South Australia, Tasmania, Victoria","Pink, White","Summer, Winter",Small
https://id.biodiversity.org.au/node/apni/2912703,Western Australia,Yellow,"Spring, Winter",Shrub
https://id.biodiversity.org.au/node/apni/2912734,Western Australia,"Purple, White","Spring, Summer",Small
https://id.biodiversity.org.au/node/apni/2912814,"New South Wales, South Australia, Tasmania, Victoria","Green, Yellow",,Medium
https://id.biodiversity.org.au/node/apni/2912830,Queensland,"Brown, Yellow","Autumn, Winter",Large
https://id.biodiversity.org.au/node/apni/2913000,Western Australia,"Brown, Pink","Summer, Winter",Small
https://id.biodiversity.org.au/node/apni/2913065,Western Australia,"Cream, White","Spring, Summer",Small
https://id.biodiversity.org.au/node/apni/2913117,Western Australia,"Blue, Pink, Purple, Red, White, Yellow","Spring, Summer, Winter",Small
https://id.biodiversity.org.au/node/apni/2913209,Western Australia,Pink,"Spring, Summer, Winter",Small
https://id.biodiversity.org.au/node/apni/2913459,Western Australia,"Green, Red",Spring,Small
https://id.biodiversity.org.au/node/apni/2913460,Queensland,Yellow,Winter,Small
https://id.biodiversity.org.au/node/apni/2913468,"New South Wales, Queensland, Victoria","Black, Cream, Crimson, Green, Grey, Pink, Purple, Red",,Large
https://id.biodiversity.org.au/node/apni/2913570,Western Australia,"Brown, Green, Grey, Yellow","Spring, Summer, Winter",Large
https://id.biodiversity.org.au/node/apni/2913636,,White,"Spring, Summer, Winter",Shrub
https://id.biodiversity.org.au/node/apni/2913726,"New South Wales, Victoria",Pink,Spring,
https://id.biodiversity.org.au/node/apni/2913809,"New South Wales, Queensland","Green, Purple, Red, White","Spring, Winter",Small
https://id.biodiversity.org.au/node/apni/2913810,New South Wales,"Green, Red","Spring, Winter",Small
https://id.biodiversity.org.au/node/apni/2914034,"New South Wales, Queensland, Victoria","Brown, Cream, White","Spring, Summer, Winter",Medium
https://id.biodiversity.org.au/node/apni/2914044,"Northern Territory, Western Australia","Pink, White","Summer, Winter",Small
https://id.biodiversity.org.au/node/apni/2914080,New South Wales,"Pink, White",Spring,Prostrate
https://id.biodiversity.org.au/node/apni/2914083,,"Orange, Red","Spring, Summer, Winter",Shrub
https://id.biodiversity.org.au/node/apni/2914099,,"Cream, Green, Red",,Small
https://id.biodiversity.org.au/node/apni/2914157,Western Australia,"Cream, Green, Grey, Pink","Spring, Summer",Medium
https://id.biodiversity.org.au/node/apni/2914238,New South Wales,Pink,"Summer, Winter",Small
https://id.biodiversity.org.au/node/apni/2914484,"New South Wales, Queensland","Cream, Pink, Red, White, Yellow","Spring, Summer",Medium
https://id.biodiversity.org.au/node/apni/2914663,New South Wales,"Cream, Green, Red, Yellow",Spring,Small
https://id.biodiversity.org.au/node/apni/2914702,Western Australia,"Pink, Purple, Red, White","Summer, Winter",Small
https://id.biodiversity.org.au/node/apni/2914704,"Queensland, Victoria","Green, Purple, Red, White","Spring, Summer",Medium
https://id.biodiversity.org.au/node/apni/2914769,Western Australia,"Green, Red, Yellow","Spring, Winter",Small
https://id.biodiversity.org.au/node/apni/2914771,Western Australia,"Green, Grey, Mauve, Pink, Purple","Spring, Summer, Winter",Shrub
https://id.biodiversity.org.au/node/apni/2914825,Tasmania,"Pink, White","Spring, Summer",Small
https://id.biodiversity.org.au/node/apni/2914926,Victoria,"Grey, Yellow","Spring, Winter",Shrub
https://id.biodiversity.org.au/node/apni/2914949,New South Wales,"Pink, White","Spring, Winter",Small
https://id.biodiversity.org.au/node/apni/2915205,Western Australia,"Mauve, Pink, White",Summer,Medium
https://id.biodiversity.org.au/node/apni/2915317,Western Australia,"Black, Green, Pink, Purple","Spring, Winter",Small
https://id.biodiversity.org.au/node/apni/2915388,Tasmania,White,"Spring, Summer",Small
https://id.biodiversity.org.au/node/apni/2915389,Western Australia,"Red, White","Spring, Summer",Small
https://id.biodiversity.org.au/node/apni/2915584,"New South Wales, Northern Territory, South Australia, Victoria","Grey, Yellow",Spring,Large
https://id.biodiversity.org.au/node/apni/2915590,,"Mauve, Pink, Purple, White","Spring, Summer",Small
https://id.biodiversity.org.au/node/apni/2915642,"New South Wales, Queensland, Victoria","Blue, Pink, White",Summer,Shrub
https://id.biodiversity.org.au/node/apni/2915694,"Northern Territory, Queensland, South Australia, Western Australia","Pink, White","Spring, Winter",Large
https://id.biodiversity.org.au/node/apni/2915705,Tasmania,"Grey, White",Summer,Small
https://id.biodiversity.org.au/node/apni/2915709,,Blue,"Autumn, Spring",Perennial herb
https://id.biodiversity.org.au/node/apni/2915948,Tasmania,White,"Spring, Summer",Small
https://id.biodiversity.org.au/node/apni/2916086,Victoria,"Cream, Green, Yellow",Spring,Small
https://id.biodiversity.org.au/node/apni/2916264,Queensland,"Gold, Green, White","Autumn, Summer",Tree
https://id.biodiversity.org.au/node/apni/2916305,Victoria,"Grey, Pink","Spring, Summer",Small
https://id.biodiversity.org.au/node/apni/2916418,Western Australia,"Pink, White","Spring, Summer, Winter",Medium
https://id.biodiversity.org.au/node/apni/2916578,Queensland,"Pink, Purple",,Small
https://id.biodiversity.org.au/node/apni/2916581,Western Australia,Pink,"Spring, Summer",Small
https://id.biodiversity.org.au/node/apni/2916592,"New South Wales, Queensland",Yellow,Spring,Small
https://id.biodiversity.org.au/node/apni/2916598,"New South Wales, Queensland","Cream, Green, Pink, Yellow","Spring, Winter",Small
https://id.biodiversity.org.au/node/apni/2916643,"New South Wales, Queensland, Western Australia","Red, White","Spring, Summer",
https://id.biodiversity.org.au/node/apni/2916690,Western Australia,"Brown, Red, Yellow",Spring,Small
https://id.biodiversity.org.au/node/apni/2916700,"New South Wales, Northern Territory, Queensland","Pink, Purple, Red, White, Yellow","Spring, Summer",Small
https://id.biodiversity.org.au/node/apni/2916722,"New South Wales, Queensland",Crimson,Summer,Large
https://id.biodiversity.org.au/node/apni/2916854,Western Australia,White,Spring,Shrub
https://id.biodiversity.org.au/node/apni/2916889,"New South Wales, Queensland","Black, Green, Grey, Orange, White","Autumn, Summer, Winter",Tree
https://id.biodiversity.org.au/node/apni/2916895,Tasmania,"Green, Pink, Red, White",Summer,Small
https://id.biodiversity.org.au/node/apni/2916977,New South Wales,"Green, Grey","Spring, Winter",Small
https://id.biodiversity.org.au/node/apni/2917025,"New South Wales, Queensland, Tasmania, Victoria","Pink, White, Yellow",Spring,Small
https://id.biodiversity.org.au/node/apni/2917079,New South Wales,"Green, White",Spring,Shrub
https://id.biodiversity.org.au/node/apni/2917112,"New South Wales, Northern Territory, Queensland, South Australia, Western Australia","Purple, White","Spring, Winter",Shrub
https://id.biodiversity.org.au/node/apni/2917163,Western Australia,,Summer,Small
https://id.biodiversity.org.au/node/apni/2917185,New South Wales,"Orange, Red",,Small
https://id.biodiversity.org.au/node/apni/2917322,"Australian Capital Territory, New South Wales, Queensland","Apricot, Pink, Red, Yellow",,Prostrate
https://id.biodiversity.org.au/node/apni/2917613,,Pink,"Spring, Winter",Small
https://id.biodiversity.org.au/node/apni/2917654,"New South Wales, Queensland",Pink,Spring,Small
https://id.biodiversity.org.au/node/apni/2917734,Western Australia,Yellow,"Spring, Summer",Small
https://id.biodiversity.org.au/node/apni/2917812,Western Australia,"Grey, Pink, Red","Spring, Summer",Shrub
https://id.biodiversity.org.au/node/apni/2917842,Western Australia,Red,"Spring, Summer, Winter",Small
https://id.biodiversity.org.au/node/apni/2917866,"New South Wales, Queensland","Green, Pink, White","Spring, Summer",Small
https://id.biodiversity.org.au/node/apni/2917894,Queensland,"Green, Pink, Red, White",Spring,Large
https://id.biodiversity.org.au/node/apni/2918016,Western Australia,"Green, Pink","Spring, Winter",Shrub
https://id.biodiversity.org.au/node/apni/2918082,"New South Wales, Queensland","Brown, Orange, Yellow","Spring, Summer, Winter",Medium
https://id.biodiversity.org.au/node/apni/2918105,Northern Territory,"Mauve, Orange, Pink, Red, Yellow","Spring, Winter",Large
https://id.biodiversity.org.au/node/apni/2918115,Queensland,,"Spring, Summer",Small
https://id.biodiversity.org.au/node/apni/2918204,Western Australia,"Mauve, Pink","Spring, Summer, Winter",Small
https://id.biodiversity.org.au/node/apni/2918234,,"Orange, Red","Spring, Summer, Winter",Large
https://id.biodiversity.org.au/node/apni/2918255,Western Australia,"Green, Pink, White","Spring, Summer",Medium
https://id.biodiversity.org.au/node/apni/2918266,Western Australia,"Green, Pink",Summer,Shrub
https://id.biodiversity.org.au/node/apni/2918429,"Queensland, South Australia, Tasmania","Green, White",Spring,Small
https://id.biodiversity.org.au/node/apni/2918517,"New South Wales, Queensland","Cream, Pink, Red, White","Spring, Summer",Medium
https://id.biodiversity.org.au/node/apni/2918689,New South Wales,Pink,"Spring, Winter",Small
https://id.biodiversity.org.au/node/apni/2918827,New South Wales,"Green, Red","Spring, Winter",Small
https://id.biodiversity.org.au/node/apni/2919113,Western Australia,Yellow,"Spring, Summer",Shrub
https://id.biodiversity.org.au/node/apni/2919129,New South Wales,Green,,Tree
https://id.biodiversity.org.au/node/apni/2919239,Victoria,White,Spring,Small
https://id.biodiversity.org.au/node/apni/2919253,"New South Wales, Queensland, South Australia","Grey, White, Yellow","Spring, Winter",Medium
https://id.biodiversity.org.au/node/apni/2919257,Western Australia,"Cream, Red, Yellow","Spring, Summer",Small
https://id.biodiversity.org.au/node/apni/2919266,"New South Wales, Queensland, Victoria","Black, Green","Spring, Winter",Small
https://id.biodiversity.org.au/node/apni/2919419,"South Australia, Victoria","Black, Red",Summer,Shrub
https://id.biodiversity.org.au/node/apni/2919582,Western Australia,Yellow,"Spring, Winter",Small
https://id.biodiversity.org.au/node/apni/2919693,"New South Wales, Queensland","Blue, Brown, Green, Orange, Yellow","Spring, Winter",Small
https://id.biodiversity.org.au/node/apni/2919733,"Northern Territory, Queensland, Western Australia","Black, Red, Scarlet","Spring, Summer, Winter",Perennial herb
https://id.biodiversity.org.au/node/apni/2919791,"New South Wales, Queensland, South Australia, Victoria","Black, Green, White","Spring, Winter",Small
https://id.biodiversity.org.au/node/apni/2919810,"Queensland, Victoria","Blue, Purple, White","Spring, Summer",Large
https://id.biodiversity.org.au/node/apni/2919984,"South Australia, Western Australia","Brown, Green, Grey, White","Spring, Summer, Winter",Large
https://id.biodiversity.org.au/node/apni/2919993,"New South Wales, Queensland",Pink,"Spring, Summer",Small
https://id.biodiversity.org.au/node/apni/2920105,New South Wales,"Mauve, Purple","Spring, Summer",Shrub
https://id.biodiversity.org.au/node/apni/2920182,Western Australia,"Cream, Green, White, Yellow","Autumn, Summer",Shrub
https://id.biodiversity.org.au/node/apni/2920339,Western Australia,Pink,"Spring, Summer, Winter",Small
https://id.biodiversity.org.au/node/apni/2920420,Queensland,Scarlet,"Spring, Summer",Medium
https://id.biodiversity.org.au/node/apni/2920423,Western Australia,Yellow,"Spring, Summer, Winter",Medium
https://id.biodiversity.org.au/node/apni/2920511,Western Australia,"Orange, Pink, Red, Yellow","Spring, Winter",Perennial herb
https://id.biodiversity.org.au/node/apni/2920574,Northern Territory,"Blue, Brown, Green, Orange, Yellow","Autumn, Winter",Shrub
https://id.biodiversity.org.au/node/apni/2920609,New South Wales,Red,"Spring, Winter",Small
https://id.biodiversity.org.au/node/apni/2920623,New South Wales,"Red, Yellow","Spring, Summer",Large
https://id.biodiversity.org.au/node/apni/2920642,New South Wales,"Green, Grey, Mauve, Purple","Spring, Summer",Small
https://id.biodiversity.org.au/node/apni/2920667,"South Australia, Victoria",Yellow,"Spring, Winter",Shrub
https://id.biodiversity.org.au/node/apni/2920735,Western Australia,"Blue, White",,Small
https://id.biodiversity.org.au/node/apni/2920780,"New South Wales, Queensland, Victoria","Blue, Pink, White",,Small
https://id.biodiversity.org.au/node/apni/2920807,Western Australia,"Grey, Yellow",Summer,Small
https://id.biodiversity.org.au/node/apni/2920820,,"Black, Cream, Green, Yellow",,Large
https://id.biodiversity.org.au/node/apni/2920831,Western Australia,"Pink, Red, White","Spring, Summer",Shrub
https://id.biodiversity.org.au/node/apni/2920951,Western Australia,"Brown, Orange, Yellow","Spring, Summer, Winter",Shrub
https://id.biodiversity.org.au/node/apni/2921040,,"Blue, Grey, Red, White","Spring, Summer",Medium
https://id.biodiversity.org.au/node/apni/2921062,"Northern Territory, Queensland, Western Australia","Black, Blue, Green, Grey, Purple",,Groundcover
https://id.biodiversity.org.au/node/apni/2921082,"New South Wales, Queensland","Mauve, Pink, Purple, White",,Small
https://id.biodiversity.org.au/node/apni/2921111,"South Australia, Victoria","Green, White","Spring, Summer",Small
https://id.biodiversity.org.au/node/apni/2921285,Western Australia,"Black, Blue, Green, Yellow","Autumn, Spring, Summer",Small
https://id.biodiversity.org.au/node/apni/5269532,"New South Wales, South Australia","Cream, Green, Grey, Red, White","Spring, Summer",Small
https://id.biodiversity.org.au/node/apni/5424450,South Australia,"Orange, Red","Spring, Winter",Small
https://id.biodiversity.org.au/node/apni/6285445,Western Australia,Yellow,"Summer, Winter",
https://id.biodiversity.org.au/node/apni/6892801,"New South Wales, Queensland","Black, White, Yellow",,Large
https://id.biodiversity.org.au/node/apni/6894466,Queensland,"Green, Purple","Autumn, Spring, Summer, Winter",Tree
https://id.biodiversity.org.au/node/apni/7166184,"New South Wales, Queensland, Victoria",Yellow,"Spring, Summer",Small
https://id.biodiversity.org.au/node/apni/7692612,Western Australia,"Cream, Yellow","Spring, Summer, Winter",Small
https://id.biodiversity.org.au/node/apni/7698404,"New South Wales, Queensland",White,"Spring, Summer",Tree
https://id.biodiversity.org.au/node/apni/7725767,"Tasmania, Victoria","Green, Pink","Spring, Summer",Tree
https://id.biodiversity.org.au/node/apni/7743730,"New South Wales, Queensland, South Australia, Tasmania, Victoria","Green, White",Summer,Shrub
https://id.biodiversity.org.au/node/apni/7808071,Tasmania,Yellow,,Prostrate
https://id.biodiversity.org.au/node/apni/7822689,New South Wales,"Cream, Green, Grey",Winter,Small
https://id.biodiversity.org.au/node/apni/7844610,,"Black, Green, White","Autumn, Spring",Medium
https://id.biodiversity.org.au/node/apni/7859298,Western Australia,"Blue, Green, Grey, Mauve, Pink","Spring, Summer, Winter",Small
https://id.biodiversity.org.au/node/apni/7873835,,"Cream, Purple, Red",,Small
https://id.biodiversity.org.au/node/apni/7895424,"New South Wales, Queensland","Blue, Grey, Mauve","Spring, Winter",Large
https://id.biodiversity.org.au/node/apni/7896099,"Tasmania, Victoria","Green, Red, Yellow","Summer, Winter",Large
https://id.biodiversity.org.au/node/apni/7907432,Western Australia,"Cream, Green, Red, White","Spring, Winter",Small
https://id.biodiversity.org.au/node/apni/7931274,"New South Wales, Queensland, Victoria","Black, Gold, Orange, Red, Yellow",,Small
https://id.biodiversity.org.au/node/apni/7946755,"New South Wales, Northern Territory, Queensland, South Australia","Green, Lilac, White","Spring, Winter",Large
https://id.biodiversity.org.au/node/apni/7947427,"Tasmania, Victoria","Mauve, Purple","Spring, Winter",Large
https://id.biodiversity.org.au/node/apni/7956134,"Victoria, Western Australia","Pink, Red","Spring, Winter",Large
https://id.biodiversity.org.au/node/apni/7977799,,"Brown, Green, Grey, Purple, Yellow",,Large
https://id.biodiversity.org.au/node/apni/8009374,"New South Wales, Queensland","Green, Purple, Violet, White",,Prostrate
https://id.biodiversity.org.au/node/apni/8180719,"New South Wales, Tasmania, Victoria","Green, Mauve, Pink, White","Spring, Summer",Small
https://id.biodiversity.org.au/node/apni/8196909,"New South Wales, Queensland, Tasmania, Victoria","Blue, Green, Mauve, Pink",Spring,Small
https://id.biodiversity.org.au/node/apni/8492738,"New South Wales, Victoria",White,"Spring, Winter",Medium
https://id.biodiversity.org.au/node/apni/8655662,Western Australia,"Pink, White, Yellow","Autumn, Spring, Summer, Winter",
https://id.biodiversity.org.au/node/apni/8694676,,"Green, Orange, Red, Yellow","Summer, Winter",Large
https://id.biodiversity.org.au/node/apni/9597772,,"Blue, Brown, Green, Grey, Pink, Yellow",,Medium
https://id.biodiversity.org.au/node/apni/9597877,"New South Wales, Queensland","Blue, Green, Pink, Yellow",,Medium
https://id.biodiversity.org.au/taxon/apni/51267108,"New South Wales, Queensland","Black, Green, Purple, White","Spring, Winter",Small
https://id.biodiversity.org.au/taxon/apni/51268161,,Yellow,"Autumn, Summer",Small
https://id.biodiversity.org.au/taxon/apni/51268726,"New South Wales, Queensland","Grey, White, Yellow","Autumn, Summer, Winter",Small
https://id.biodiversity.org.au/taxon/apni/51269199,,"Brown, Purple, White, Yellow","Spring, Summer",Small
https://id.biodiversity.org.au/taxon/apni/51283302,Western Australia,Yellow,"Spring, Summer",Small
https://id.biodiversity.org.au/taxon/apni/51286043,"Queensland, Tasmania, Victoria","Green, White, Yellow","Spring, Summer",Small
https://id.biodiversity.org.au/taxon/apni/51287801,,"Blue, Pink, Purple, White","Spring, Summer",Small
https://id.biodiversity.org.au/taxon/apni/51287970,Queensland,"Green, White",,Large
https://id.biodiversity.org.au/taxon/apni/51288496,"Northern Territory, Queensland, Western Australia","Cream, Mauve, Pink, White",Autumn,Small
https://id.biodiversity.org.au/taxon/apni/51288856,Western Australia,"Green, Red","Spring, Summer, Winter",Small
https://id.biodiversity.org.au/taxon/apni/51288904,Western Australia,Pink,"Spring, Summer",Small
https://id.biodiversity.org.au/taxon/apni/51288925,Western Australia,"Green, Orange, Red","Autumn, Summer",Small
https://id.biodiversity.org.au/taxon/apni/51288947,Western Australia,"Orange, Red, Yellow","Spring, Summer",Small
https://id.biodiversity.org.au/taxon/apni/51289052,Western Australia,"Brown, Cream, Red, Yellow","Autumn, Winter",Small
https://id.biodiversity.org.au/taxon/apni/51289066,Western Australia,"Brown, Red, Yellow","Spring, Summer",Shrub
https://id.biodiversity.org.au/taxon/apni/51289286,,"Brown, Red, Yellow",,Shrub
https://id.biodiversity.org.au/taxon/apni/51289614,Western Australia,Red,"Spring, Summer",Small
https://id.biodiversity.org.au/taxon/apni/51289720,Western Australia,Orange,"Spring, Summer",Small
https://id.biodiversity.org.au/taxon/apni/51290024,"Tasmania, Victoria","Grey, White",,Tree
https://id.biodiversity.org.au/taxon/apni/51290049,"New South Wales, Queensland, Victoria","Black, Brown, Green, Pink, Red, White",,Tree
https://id.biodiversity.org.au/taxon/apni/51290254,Western Australia,"Purple, White","Spring, Summer",Small
https://id.biodiversity.org.au/taxon/apni/51290279,Western Australia,"Pink, Purple",Spring,Small
https://id.biodiversity.org.au/taxon/apni/51290296,Western Australia,"Green, Orange, Red, Yellow","Spring, Summer",Small
https://id.biodiversity.org.au/taxon/apni/51291519,,"Blue, Brown, Green, Grey, Red","Autumn, Spring, Summer",Prostrate
https://id.biodiversity.org.au/taxon/apni/51293434,"New South Wales, Queensland, Victoria","Brown, Pink, White",Spring,Small
https://id.biodiversity.org.au/taxon/apni/51293461,"South Australia, Victoria",Yellow,Spring,Small
https://id.biodiversity.org.au/taxon/apni/51293471,Western Australia,"Mauve, Pink",Spring,Small
https://id.biodiversity.org.au/taxon/apni/51293610,"New South Wales, Queensland, Tasmania, Victoria",Cream,,Tree
https://id.biodiversity.org.au/taxon/apni/51293655,Western Australia,Yellow,"Summer, Winter",Small
https://id.biodiversity.org.au/taxon/apni/51293842,Queensland,Cream,"Spring, Summer",Tree
https://id.biodiversity.org.au/taxon/apni/51294044,"New South Wales, Queensland, Victoria","Cream, Green, Grey, Yellow",Spring,Small
https://id.biodiversity.org.au/taxon/apni/51294059,"New South Wales, Queensland, Victoria","Blue, Green, White","Spring, Winter",Medium
https://id.biodiversity.org.au/taxon/apni/51294182,"Tasmania, Victoria","Grey, Red, Yellow","Summer, Winter",Large
https://id.biodiversity.org.au/taxon/apni/51294302,,"Green, Purple, Yellow","Spring, Summer",Large
https://id.biodiversity.org.au/taxon/apni/51294830,Western Australia,Pink,"Spring, Winter",Small
https://id.biodiversity.org.au/taxon/apni/51294849,Western Australia,Cream,Spring,Small
https://id.biodiversity.org.au/taxon/apni/51294930,Western Australia,Pink,Spring,Small
https://id.biodiversity.org.au/taxon/apni/51294942,Western Australia,"Cream, Yellow","Spring, Winter",Small
https://id.biodiversity.org.au/taxon/apni/51298267,Northern Territory,Pink,"Spring, Summer",Groundcover
https://id.biodiversity.org.au/taxon/apni/51299760,Tasmania,"Green, Red, White, Yellow",,Shrub
https://id.biodiversity.org.au/taxon/apni/51299833,Western Australia,"Grey, Purple, Yellow","Summer, Winter",Shrub
https://id.biodiversity.org.au/taxon/apni/51299883,New South Wales,"Orange, Red","Autumn, Winter",Medium
https://id.biodiversity.org.au/taxon/apni/51299886,Western Australia,"Brown, Cream, Pink","Spring, Summer, Winter",Shrub
https://id.biodiversity.org.au/taxon/apni/51300001,"New South Wales, Queensland, South Australia, Tasmania, Victoria, Western Australia","Cream, Green, Red, Yellow","Spring, Winter",Small
https://id.biodiversity.org.au/taxon/apni/51300216,Western Australia,"Green, Yellow","Spring, Summer",Small
https://id.biodiversity.org.au/taxon/apni/51300310,"New South Wales, Northern Territory, Queensland, South Australia, Victoria, Western Australia","Brown, Yellow","Spring, Summer",Small
https://id.biodiversity.org.au/taxon/apni/51300341,"South Australia, Western Australia","Green, Pink, White, Yellow","Autumn, Spring, Winter",Small
https://id.biodiversity.org.au/taxon/apni/51302262,Western Australia,"Brown, Red, Yellow","Spring, Summer",Shrub
https://id.biodiversity.org.au/taxon/apni/51305036,Queensland,"Cream, Purple, White","Spring, Summer, Winter",Large
https://id.biodiversity.org.au/taxon/apni/51310407,"New South Wales, South Australia, Victoria","Green, White, Yellow","Autumn, Spring",
https://id.biodiversity.org.au/taxon/apni/51310513,"New South Wales, Queensland","Black, Cream, Yellow",Spring,Large
https://id.biodiversity.org.au/taxon/apni/51311265,,"Blue, Red","Spring, Winter",Prostrate
https://id.biodiversity.org.au/taxon/apni/51316787,"New South Wales, Queensland","Mauve, Pink, White","Spring, Summer, Winter",Large
https://id.biodiversity.org.au/taxon/apni/51368968,,"Blue, Green",Summer,Small
https://id.biodiversity.org.au/taxon/apni/51399012,Western Australia,"Brown, Crimson, Yellow","Autumn, Spring, Summer",Medium
https://id.biodiversity.org.au/taxon/apni/51399670,"Queensland, South Australia, Tasmania, Victoria",Brown,"Autumn, Spring, Summer",Perennial herb
https://id.biodiversity.org.au/taxon/apni/51401023,"Queensland, Tasmania",Red,"Autumn, Summer, Winter",Large
https://id.biodiversity.org.au/taxon/apni/51401045,,Red,"Autumn, Summer, Winter",Large
https://id.biodiversity.org.au/taxon/apni/51402816,"Queensland, Victoria","Purple, White, Yellow","Spring, Summer, Winter",Large
https://id.biodiversity.org.au/taxon/apni/51402830,Queensland,"Mauve, Purple, White",,Large
https://id.biodiversity.org.au/taxon/apni/51404199,"New South Wales, South Australia, Tasmania, Victoria, Western Australia","Brown, Mauve, Yellow","Spring, Summer",Large
https://id.biodiversity.org.au/taxon/apni/51404584,"New South Wales, Queensland",White,"Spring, Winter",Large
https://id.biodiversity.org.au/taxon/apni/51406503,,"Brown, Yellow","Spring, Summer",Small
https://id.biodiversity.org.au/taxon/apni/51406650,Northern Territory,Green,"Spring, Summer",Small
https://id.biodiversity.org.au/taxon/apni/51407850,"New South Wales, Queensland","Brown, White",Spring,Small
https://id.biodiversity.org.au/taxon/apni/51412154,,Brown,"Autumn, Spring, Summer, Winter",Large
https://id.biodiversity.org.au/taxon/apni/51412226,"New South Wales, Victoria",Brown,"Autumn, Spring, Summer",Medium
https://id.biodiversity.org.au/taxon/apni/51412238,"Northern Territory, Western Australia",Brown,"Spring, Summer, Winter",Medium
https://id.biodiversity.org.au/taxon/apni/51413279,"Queensland, South Australia","Pink, White","Autumn, Summer",Small
https://id.biodiversity.org.au/taxon/apni/51414318,Northern Territory,"Blue, Brown, Mauve, Pink, White","Autumn, Spring, Summer",Medium
NZOR-6-52363,Tasmania,"Cream, Pink, White","Autumn, Summer",Small
